<?xml version="1.0" encoding="UTF-8"?>
<beans xmlns="http://www.springframework.org/schema/beans"
	xmlns:xsi="http://www.w3.org/2001/XMLSchema-instance"
	xmlns:context="http://www.springframework.org/schema/context"
	xmlns:mvc="http://www.springframework.org/schema/mvc"
	xsi:schemaLocation="http://www.springframework.org/schema/beans http://www.springframework.org/schema/beans/spring-beans.xsd
		http://www.springframework.org/schema/context http://www.springframework.org/schema/context/spring-context-4.3.xsd
		http://www.springframework.org/schema/mvc http://www.springframework.org/schema/mvc/spring-mvc-4.3.xsd">

	<!-- Database 설정하는 부분 -->
	<!-- db설정파일의 위치 -->
	<bean id="property Configurer" class="org.springframework.beans.factory.config.PropertyPlaceholderConfigurer">
		<property name="locations">
			<list>
				<!-- DB 설정한 클래스패스 -->
				<value>classpath:properties/jdbc.properties</value>
			</list>
		</property>
	
	</bean>
	
	<!-- DBMS 설정 
		BasicDataSource dataSource = new BasicDataSource();
		driverClassName = jdbc.driverClassName;
	-->
	<bean id="dataSource" class="org.apache.commons.dbcp.BasicDataSource" destroy-method="close">
		<!-- DB driverClassName , 여기서 프로퍼티 id는 인스턴스(객체생성), name은 property, value는 값 넣기 -->
		<property name="driverClassName" value="${jdbc.driverClassName}"/>
		<property name="url" value="${jdbc.url}"/>
		<property name="username" value="${jdbc.username}"/>
		<property name="password" value="${jdbc.password}"/>
		<property name="initialSize" value="${jdbc.initialSize}"/>
		<property name="maxActive" value="${jdbc.maxActive}"/>
		<property name="minIdle" value="${jdbc.initialSize}"/>
		<property name="maxWait" value="3000"/><!-- 3초 -->
		<property name="poolPreparedStatements" value="true"/>
		<property name="maxOpenPreparedStatements" value="50"/>
	</bean>
	
	
	<!-- myBatis 설정하기 -->
	<bean id="sqlSessionFactory" class="org.mybatis.spring.SqlSessionFactoryBean">
		<property name="dataSource" ref="dataSource"/>	<!-- ref:참조할 객체 -->
		<!-- mapper로 설정할 파일은 sqls 패키지에 있는 모든 xml 파일 -->
		<property name="mapperLocations" value="classpath:sqls/*.xml"/>
	</bean> 
	
	<!-- sqlSession 취득하기 : 실제로 DB에 접근시 제일 많이 다루게 될 sql session을 설정함 -->
	<bean id="sqlSession" class="org.mybatis.spring.SqlSessionTemplate">
		<constructor-arg index="0" ref="sqlSessionFactory"/>
		<constructor-arg index="1" value="SIMPLE"/> <!-- SIMPLE / BATCH -->
	</bean>	
	
	<!-- JDBC 등록하기 -->
	<bean id="transactionManager" class="org.springframework.jdbc.datasource.DataSourceTransactionManager">
		<property name="dataSource" ref="dataSource"/>
	</bean>

</beans>
