<?xml version="1.0" encoding="UTF-8"?>
<!DOCTYPE mapper
  PUBLIC "-//www.mybatis.org//DTD Mapper 3.0//EN"
  "http://www.mybatis.org/dtd/mybatis-3-mapper.dtd">

<mapper namespace="productOrder"> 
	
	<select id="getDefultAddress" parameterType="java.lang.Integer" resultType="cd.com.a.model.memberDto">
		select mem_seq, id, user_name, address, phone  
		from member
		where mem_seq = #{mem_seq}
	</select>
	
	<insert id="crete_productOrder" parameterType="cd.com.a.model.productSaleDto">
		insert into product_saleing(mem_seq, product_num, saleing_amount, saleing_addr, saleing_tel, saleing_date, saleing_option,
				saleing_option_state, saleing_group, saleing_delivery, delivery_message, saleing_name, product_delivery_state)
		values(#{mem_seq}, #{product_num}, #{saleing_amount}, #{saleing_addr}, #{saleing_tel}, sysdate(), 0, 0, #{saleing_group},
			#{saleing_delivery}, #{delivery_message}, #{saleing_name}, 0)
	</insert>
	
	<insert id="create_SaleGroup" parameterType="java.lang.Integer">
		insert into saleing_groupseq(mem_seq)
		values(#{mem_seq})
	</insert>
	
	<select id="getSaleGroup" parameterType="java.lang.Integer" resultType="java.lang.Integer">
		select MAX(saleing_group) from saleing_groupseq
		where mem_seq = #{mem_seq}
	</select>
	
	<update id="kakaoUpdate" parameterType="cd.com.a.model.productSaleDto">
		update product_saleing 
		set kakao_tid = #{kakao_tid}, kakao_cid = #{kakao_cid}
		where saleing_group = #{saleing_group}
	</update>
	
	<select id="getNowSaleing" parameterType="java.lang.Integer" resultType="cd.com.a.model.productSaleDto">
		select * from product_saleing
		where mem_seq = #{mem_seq} and
				saleing_group = ( select MAX(saleing_group)  from  product_saleing  where mem_seq = #{mem_seq} ) and
				saleing_num = (select MAX(saleing_num) from product_saleing where mem_seq = #{mem_seq})
	</select>
	
	<delete id="FailOrder" parameterType="java.lang.Integer">
		delete from product_saleing
		where saleing_group = #{saleing_group}
	</delete>
	
	<select id="getNowSaleingList" parameterType="java.lang.Integer" resultType="cd.com.a.model.productSaleDto">
		select * from product_saleing
		where saleing_group = #{saleing_group}
	</select>
	
	<select id="myOrderList_group" parameterType="java.lang.Integer" resultType="java.lang.Integer">
		select saleing_group 
		from product_saleing 
		where mem_seq = #{mem_seq} 	
		group by saleing_group
		order by saleing_group desc	
	</select>
	
	<select id="myOrderDetail" parameterType="java.lang.Integer" resultType="cd.com.a.model.orderDetailParam">
		select p.product_name, p.product_code, p.product_brand, p.product_price,
			p.product_img , ps.saleing_group, ps.saleing_amount
			
		from product_saleing ps , product p 
		where ps.product_num = p.product_num  and
			ps.saleing_group = #{saleing_group}  
	</select>
	
	
</mapper>