<!DOCTYPE mapper
  PUBLIC "-//www.mybatis.org//DTD Mapper 3.0//EN"
  "http://www.mybatis.org/dtd/mybatis-3-mapper.dtd">

<mapper namespace="Product">

<!-- 상품리스트(검색 - 관리자) -->
<select id="prdSearchList" parameterType="cd.com.a.model.ProductParam" resultType="cd.com.a.model.productDto">
   SELECT @rownum:=@rownum+1 as rownum, product_num, product_code, product_img, product_name, 
      product_price, product_brand, product_hidden, product_group, product_sub_group,
      product_sale, product_stock, product_regi_date, product_del 
   FROM product
   <!-- WHERE (@rownum:=0)=0 -->
   <where>
   
   <if test="product_group != null and product_group != '' ">
      AND product_group = #{product_group} 
   </if>
   <if test="product_sub_group != null and product_sub_group != '' ">
      AND product_sub_group = #{product_sub_group}
   </if>
   
   <if test="s_category == 'all' and s_keyword != null and s_keyword != ''">
      OR product_name LIKE CONCAT ('%',#{s_keyword},'%')
      OR product_code LIKE CONCAT ('%',#{s_keyword},'%')
      OR product_brand LIKE CONCAT ('%',#{s_keyword},'%')
   </if>
   
    <if test="s_category == 'product_name'">
       AND product_name LIKE CONCAT ('%',#{s_keyword},'%')
    </if>
    <if test="s_category == 'product_code'">
       AND product_code LIKE CONCAT ('%',#{s_keyword},'%')
    </if>
    <if test="s_category == 'product_brand'">
       AND product_brand LIKE CONCAT ('%',#{s_keyword},'%')
    </if>
   

    <if test="s_soldState == 1">
       AND product_stock = 0 
    </if>
    <if test="s_soldState == 2">
       <![CDATA[ AND product_stock > 0 ]]>
    </if>
      
   </where>
   
   <!-- WHERE RNUM BETWEEN ${start} AND ${end} -->
   ORDER BY product_num
   LIMIT #{start} , #{recordCountPerPage}   
</select>


<select id="getPrdCount" parameterType="cd.com.a.model.ProductParam" resultType="java.lang.Integer">
<!-- SELECT IFNULL(COUNT(*), 0) FROM product; -->
SELECT IFNULL(COUNT(*), 0) FROM product
   <where>
      <if test="product_group != null and product_group != '' ">
         AND product_group = #{product_group} 
      </if>
      <if test="product_sub_group != null and product_sub_group != '' ">
         AND product_sub_group = #{product_sub_group}
      </if>     
   
     <if test="s_category == 'all' and s_keyword != null and s_keyword != ''">
      OR product_name LIKE CONCAT ('%',#{s_keyword},'%')
      OR product_code LIKE CONCAT ('%',#{s_keyword},'%')
      OR product_brand LIKE CONCAT ('%',#{s_keyword},'%')
   </if>
     
      <if test="s_category == 'product_name'">
         AND product_name LIKE CONCAT ('%',#{s_keyword},'%')
      </if>
      <if test="s_category == 'product_code'">
         AND product_code LIKE CONCAT ('%',#{s_keyword},'%')
      </if>
      <if test="s_category == 'product_brand'">
         AND product_brand LIKE CONCAT ('%',#{s_keyword},'%')
      </if>
   

    <if test="s_soldState == 1">
         AND product_stock = 0 
      </if>
      <if test="s_soldState == 2">
         <![CDATA[ AND product_stock > 0 ]]>
      </if>
   </where>
   
   ORDER BY product_num
   
   
</select>


<!-- 상품등록(관리자) -->
<insert id="productInsert" parameterType="cd.com.a.model.productDto">
   INSERT INTO product(
         product_name, product_readcount, product_img, product_price,
         product_group, product_sub_group, product_code, product_content, product_regi_date,
         product_brand, product_sale, product_hidden, product_stock, product_delivery_auth
      )

   VALUES(
         #{product_name}, 0, #{product_img}, #{product_price}, 
         #{product_group}, #{product_sub_group}, #{product_code}, #{product_content}, CURRENT_TIMESTAMP(),
         #{product_brand}, #{product_sale}, #{product_hidden}, #{product_stock}, #{product_delivery_auth}
      )
</insert>


<!-- 상품수정(관리자) -->
<update id="prdUpdate" parameterType="cd.com.a.model.productDto">
   UPDATE product SET
         product_name=#{product_name}, product_img=#{product_img}, product_price=#{product_price}, 
         product_group=#{product_group}, product_sub_group=#{product_sub_group}, product_code=#{product_code}, 
         product_content=#{product_content}, product_regi_date=CURRENT_TIMESTAMP(),
         product_brand=#{product_brand}, product_sale=#{product_sale}, product_hidden=#{product_hidden}, 
         product_stock=#{product_stock}, product_delivery_auth=#{product_delivery_auth}
   WHERE    product_num=#{product_num}
</update>


<!-- 상품리스트 삭제(관리자) -->
<update id="prdDelete" parameterType="java.util.ArrayList">
   UPDATE product
   SET product_del=1, product_sale=1, product_hidden=1
   WHERE product_num IN(
      <foreach collection="array" item="product_num" separator=",">
      #{product_num}
      </foreach>
   )
</update>



<!-- ========= 상품리스트(client)  ======== -->
<select id="getPrdList" parameterType="cd.com.a.model.ProductListParam" resultType="cd.com.a.model.productDto">
   SELECT @rownum:=@rownum+1 as rownum, 
      product_group, product_sub_group,
      product_num, product_code, product_img, product_name, product_price, 
      product_brand, product_hidden, product_sale, product_stock, 
      product_regi_date, product_del
   FROM product
   WHERE (@rownum:=0)=0 and product_hidden=0
   <if test="product_group == 1">
		AND product_group = 1
   </if>
   <if test="product_group == 2">
		AND product_group = 2
   </if>
   <if test="product_group == 3">
		AND product_group = 3
   </if>

   <if test="product_sub_group == 1">
      AND product_sub_group = 1
   </if>
   <if test="product_sub_group == 2">
      AND product_sub_group  = 2
   </if>
   <if test="product_sub_group == 3">
      AND product_sub_group  = 3
   </if>
   <if test="product_sub_group == 4">
      AND product_sub_group  = 4
   </if>
   <if test="product_sub_group == 5">
      AND product_sub_group  = 5
   </if>

   ORDER BY product_num
   LIMIT #{start} , #{recordCountPerPage} 
</select>

<!-- ========= 상품리스트페이징(client)  ======== -->
<select id="getPrdPageCount" resultType="java.lang.Integer" parameterType="cd.com.a.model.ProductListParam">
   SELECT COUNT(*) FROM product
   WHERE product_hidden = 0
   <if test="product_group == 1">
		AND product_group = 1
   </if>
   <if test="product_group == 2">
		AND product_group = 2
   </if>
   <if test="product_group == 3">
		AND product_group = 3
   </if>

   <if test="product_sub_group == 1">
      AND product_sub_group = 1
   </if>
   <if test="product_sub_group == 2">
      AND product_sub_group  = 2
   </if>
   <if test="product_sub_group == 3">
      AND product_sub_group  = 3
   </if>
   <if test="product_sub_group == 4">
      AND product_sub_group  = 4
   </if>
   <if test="product_sub_group == 5">
      AND product_sub_group  = 5
   </if>
</select>

<!-- ========= 상품구매(client & 관리자) 상품상세 ======== -->
<select id="getPrd" parameterType="java.lang.Integer" resultType="cd.com.a.model.productDto">
   SELECT 
         product_num, product_code, product_img, product_name, product_price, product_delivery_auth, 
         product_brand, product_hidden, product_sale, product_stock, product_content,
         product_group, product_sub_group,
         product_regi_date, product_del
   FROM product
   WHERE product_num = #{product_num}
</select>


<!-- ========= 상품구매(client) 상품상세 (옵션상품들) ======== --> 
<select id="getOptionProduct" parameterType="java.lang.String" resultType="cd.com.a.model.productDto">
   select * from product 
   where product_name like concat(#{product_name},'%')
</select>


<!-- ========= 상품구매(client) 상품정보를 보면 count를 증가시키는 쿼리문  ======== --> 
<update id="readCountPlus" parameterType="java.lang.Integer">
	update product
	set product_readcount = product_readcount + 1
	where product_num = #{product_num}
</update>


<!-- 인기순 / 최신순  / 낮은 가격순 뽑아오는  쿼리문 -->
<select id="getOption_ProductList" parameterType="java.lang.Integer" resultType="cd.com.a.model.productDto">
	select * from product
	<!--  
	<choose>
		<when test='option == "readcount"'>
			order by product_readcount desc;	
		</when>
		<when test='option == "regi_date"'>
			order by product_regi_date desc;
		</when>
		<when test='option == "row_price"'>
			order by product_price asc;
		</when>
	</choose>--> 
</select>




</mapper>